id	credito_id	numero_cuota	fecha_vencimiento	saldo_insoluto	capital_esperado	interes_ordinario_esperado	cuota_fija	capital_pagado	interes_ordinario_pagado	interes_moratorio_pagado	interes_moratorio_generado	pago_restante	estado
13	2	1	2026-05-21	33150.20	1849.80	204.17	2053.97	1849.80	204.17	867.71	867.71	0.00	Pagado
14	2	2	2026-06-21	31289.61	1860.59	193.38	2053.97	1860.59	193.38	725.16	725.16	0.00	Pagado
15	2	3	2026-07-21	31289.61	1871.45	182.52	2053.97	0.00	0.00	0.00	1171.19	0.00	Reestructurada
16	2	4	2026-08-21	29418.16	1882.36	171.61	2053.97	0.00	0.00	0.00	657.82	0.00	Reestructurada
17	2	5	2026-09-21	27535.80	1893.34	160.63	2053.97	0.00	0.00	0.00	200.78	0.00	Reestructurada
18	2	6	2026-10-21	25642.46	1904.39	149.58	2053.97	0.00	0.00	0.00	0.00	0.00	Reestructurada
19	2	7	2026-11-21	23738.07	1915.50	138.47	2053.97	0.00	0.00	0.00	0.00	0.00	Reestructurada
20	2	8	2026-12-21	21822.57	1926.67	127.30	2053.97	0.00	0.00	0.00	0.00	0.00	Reestructurada
21	2	9	2027-01-21	19895.90	1937.91	116.06	2053.97	0.00	0.00	0.00	0.00	0.00	Reestructurada
22	2	10	2027-02-21	17957.99	1949.22	104.75	2053.97	0.00	0.00	0.00	0.00	0.00	Reestructurada
23	2	11	2027-03-21	16008.77	1960.59	93.38	2053.97	0.00	0.00	0.00	0.00	0.00	Reestructurada
24	2	12	2027-04-21	14048.18	1972.02	81.95	2053.97	0.00	0.00	0.00	0.00	0.00	Reestructurada
25	2	13	2027-05-21	12076.16	1983.53	70.44	2053.97	0.00	0.00	0.00	0.00	0.00	Reestructurada
26	2	14	2027-06-21	10092.63	1995.10	58.87	2053.97	0.00	0.00	0.00	0.00	0.00	Reestructurada
27	2	15	2027-07-21	8097.53	2006.73	47.24	2053.97	0.00	0.00	0.00	0.00	0.00	Reestructurada
28	2	16	2027-08-21	6090.80	2018.44	35.53	2053.97	0.00	0.00	0.00	0.00	0.00	Reestructurada
29	2	17	2027-09-21	4072.36	2030.21	23.76	2053.97	0.00	0.00	0.00	0.00	0.00	Reestructurada
30	2	18	2027-10-21	2042.15	2042.15	11.91	2054.06	0.00	0.00	0.00	0.00	0.00	Reestructurada
588	2	19	2026-12-06	31804.37	1680.91	185.53	1866.44	0.00	0.00	0.00	0.00	1866.44	Pendiente
589	2	20	2027-01-06	30123.46	1690.72	175.72	1866.44	0.00	0.00	0.00	0.00	1866.44	Pendiente
590	2	21	2027-02-06	28432.74	1700.58	165.86	1866.44	0.00	0.00	0.00	0.00	1866.44	Pendiente
591	2	22	2027-03-06	26732.16	1710.50	155.94	1866.44	0.00	0.00	0.00	0.00	1866.44	Pendiente
592	2	23	2027-04-06	25021.66	1720.48	145.96	1866.44	0.00	0.00	0.00	0.00	1866.44	Pendiente
593	2	24	2027-05-06	23301.18	1730.52	135.92	1866.44	0.00	0.00	0.00	0.00	1866.44	Pendiente
594	2	25	2027-06-06	21570.66	1740.61	125.83	1866.44	0.00	0.00	0.00	0.00	1866.44	Pendiente
595	2	26	2027-07-06	19830.05	1750.76	115.68	1866.44	0.00	0.00	0.00	0.00	1866.44	Pendiente
596	2	27	2027-08-06	18079.29	1760.98	105.46	1866.44	0.00	0.00	0.00	0.00	1866.44	Pendiente
597	2	28	2027-09-06	16318.31	1771.25	95.19	1866.44	0.00	0.00	0.00	0.00	1866.44	Pendiente
598	2	29	2027-10-06	14547.06	1781.58	84.86	1866.44	0.00	0.00	0.00	0.00	1866.44	Pendiente
599	2	30	2027-11-06	12765.48	1791.97	74.47	1866.44	0.00	0.00	0.00	0.00	1866.44	Pendiente
600	2	31	2027-12-06	10973.51	1802.43	64.01	1866.44	0.00	0.00	0.00	0.00	1866.44	Pendiente
601	2	32	2028-01-06	9171.08	1812.94	53.50	1866.44	0.00	0.00	0.00	0.00	1866.44	Pendiente
602	2	33	2028-02-06	7358.14	1823.52	42.92	1866.44	0.00	0.00	0.00	0.00	1866.44	Pendiente
603	2	34	2028-03-06	5534.62	1834.15	32.29	1866.44	0.00	0.00	0.00	0.00	1866.44	Pendiente
604	2	35	2028-04-06	3700.47	1844.85	21.59	1866.44	0.00	0.00	0.00	0.00	1866.44	Pendiente
605	2	36	2028-05-06	1855.62	1855.62	10.82	1866.44	0.00	0.00	0.00	0.00	1866.44	Pendiente
47	5	1	2026-04-21	48053.04	1946.96	291.67	2238.63	1946.96	291.67	0.00	0.00	0.00	Pagado
48	5	2	2026-05-21	46094.72	1958.32	280.31	2238.63	1958.32	280.31	0.00	0.00	0.00	Pagado
49	5	3	2026-06-21	44124.98	1969.74	268.89	2238.63	1969.74	268.89	0.00	0.00	0.00	Pagado
50	5	4	2026-07-21	42143.75	1981.23	257.40	2238.63	1981.23	257.40	0.00	0.00	0.00	Pagado
51	5	5	2026-08-21	40150.96	1992.79	245.84	2238.63	1992.79	245.84	0.00	0.00	0.00	Pagado
52	5	6	2026-09-21	38146.54	2004.42	234.21	2238.63	2004.42	234.21	0.00	0.00	0.00	Pagado
53	5	7	2026-10-21	36130.43	2016.11	222.52	2238.63	2016.11	222.52	0.00	0.00	0.00	Pagado
54	5	8	2026-11-21	34102.56	2027.87	210.76	2238.63	2027.87	210.76	0.00	0.00	0.00	Pagado
55	5	9	2026-12-21	32062.86	2039.70	198.93	2238.63	2039.70	198.93	0.00	0.00	0.00	Pagado
56	5	10	2027-01-21	31204.41	2051.60	187.03	2238.63	858.45	187.03	0.00	0.00	0.00	Reestructurada
57	5	11	2027-02-21	30011.26	2063.56	175.07	2238.63	0.00	0.00	0.00	0.00	0.00	Reestructurada
58	5	12	2027-03-21	27947.70	2075.60	163.03	2238.63	0.00	0.00	0.00	0.00	0.00	Reestructurada
59	5	13	2027-04-21	25872.10	2087.71	150.92	2238.63	0.00	0.00	0.00	0.00	0.00	Reestructurada
60	5	14	2027-05-21	23784.39	2099.89	138.74	2238.63	0.00	0.00	0.00	0.00	0.00	Reestructurada
61	5	15	2027-06-21	21684.50	2112.14	126.49	2238.63	0.00	0.00	0.00	0.00	0.00	Reestructurada
62	5	16	2027-07-21	19572.36	2124.46	114.17	2238.63	0.00	0.00	0.00	0.00	0.00	Reestructurada
63	5	17	2027-08-21	17447.90	2136.85	101.78	2238.63	0.00	0.00	0.00	0.00	0.00	Reestructurada
64	5	18	2027-09-21	15311.05	2149.32	89.31	2238.63	0.00	0.00	0.00	0.00	0.00	Reestructurada
65	5	19	2027-10-21	13161.73	2161.85	76.78	2238.63	0.00	0.00	0.00	0.00	0.00	Reestructurada
66	5	20	2027-11-21	10999.88	2174.46	64.17	2238.63	0.00	0.00	0.00	0.00	0.00	Reestructurada
67	5	21	2027-12-21	8825.42	2187.15	51.48	2238.63	0.00	0.00	0.00	0.00	0.00	Reestructurada
68	5	22	2028-01-21	6638.27	2199.91	38.72	2238.63	0.00	0.00	0.00	0.00	0.00	Reestructurada
69	5	23	2028-02-21	4438.36	2212.74	25.89	2238.63	0.00	0.00	0.00	0.00	0.00	Reestructurada
70	5	24	2028-03-21	2225.62	2225.62	12.98	2238.60	0.00	0.00	0.00	0.00	0.00	Reestructurada
606	5	25	2026-11-21	31204.41	1215.07	182.03	1397.10	0.00	0.00	0.00	0.00	1397.10	Pendiente
607	5	26	2026-12-21	29989.34	1222.16	174.94	1397.10	0.00	0.00	0.00	0.00	1397.10	Pendiente
608	5	27	2027-01-21	28767.18	1229.29	167.81	1397.10	0.00	0.00	0.00	0.00	1397.10	Pendiente
609	5	28	2027-02-21	27537.89	1236.46	160.64	1397.10	0.00	0.00	0.00	0.00	1397.10	Pendiente
610	5	29	2027-03-21	26301.43	1243.67	153.43	1397.10	0.00	0.00	0.00	0.00	1397.10	Pendiente
611	5	30	2027-04-21	25057.76	1250.93	146.17	1397.10	0.00	0.00	0.00	0.00	1397.10	Pendiente
612	5	31	2027-05-21	23806.83	1258.23	138.87	1397.10	0.00	0.00	0.00	0.00	1397.10	Pendiente
613	5	32	2027-06-21	22548.60	1265.57	131.53	1397.10	0.00	0.00	0.00	0.00	1397.10	Pendiente
614	5	33	2027-07-21	21283.03	1272.95	124.15	1397.10	0.00	0.00	0.00	0.00	1397.10	Pendiente
615	5	34	2027-08-21	20010.08	1280.37	116.73	1397.10	0.00	0.00	0.00	0.00	1397.10	Pendiente
616	5	35	2027-09-21	18729.71	1287.84	109.26	1397.10	0.00	0.00	0.00	0.00	1397.10	Pendiente
617	5	36	2027-10-21	17441.87	1295.36	101.74	1397.10	0.00	0.00	0.00	0.00	1397.10	Pendiente
618	5	37	2027-11-21	16146.51	1302.91	94.19	1397.10	0.00	0.00	0.00	0.00	1397.10	Pendiente
619	5	38	2027-12-21	14843.60	1310.51	86.59	1397.10	0.00	0.00	0.00	0.00	1397.10	Pendiente
620	5	39	2028-01-21	13533.09	1318.16	78.94	1397.10	0.00	0.00	0.00	0.00	1397.10	Pendiente
621	5	40	2028-02-21	12214.93	1325.85	71.25	1397.10	0.00	0.00	0.00	0.00	1397.10	Pendiente
622	5	41	2028-03-21	10889.08	1333.58	63.52	1397.10	0.00	0.00	0.00	0.00	1397.10	Pendiente
623	5	42	2028-04-21	9555.50	1341.36	55.74	1397.10	0.00	0.00	0.00	0.00	1397.10	Pendiente
624	5	43	2028-05-21	8214.14	1349.18	47.92	1397.10	0.00	0.00	0.00	0.00	1397.10	Pendiente
625	5	44	2028-06-21	6864.96	1357.05	40.05	1397.10	0.00	0.00	0.00	0.00	1397.10	Pendiente
626	5	45	2028-07-21	5507.91	1364.97	32.13	1397.10	0.00	0.00	0.00	0.00	1397.10	Pendiente
627	5	46	2028-08-21	4142.94	1372.93	24.17	1397.10	0.00	0.00	0.00	0.00	1397.10	Pendiente
628	5	47	2028-09-21	2770.01	1380.94	16.16	1397.10	0.00	0.00	0.00	0.00	1397.10	Pendiente
629	5	48	2028-10-21	1389.07	1389.07	8.10	1397.17	0.00	0.00	0.00	0.00	1397.17	Pendiente
278	22	1	2026-05-23	8000.00	1000.00	0.00	1000.00	1000.00	0.00	0.00	0.00	0.00	Pagado
279	22	2	2026-06-23	7000.00	1000.00	0.00	1000.00	1000.00	0.00	0.00	0.00	0.00	Pagado
280	22	3	2026-07-23	6000.00	1000.00	0.00	1000.00	1000.00	0.00	0.00	0.00	0.00	Pagado
281	22	4	2026-08-23	5000.00	1000.00	0.00	1000.00	1000.00	0.00	0.00	0.00	0.00	Pagado
282	22	5	2026-09-23	5000.00	1000.00	0.00	1000.00	0.00	0.00	0.00	0.00	0.00	Reestructurada
283	22	6	2026-10-23	4000.00	1000.00	0.00	1000.00	0.00	0.00	0.00	0.00	0.00	Reestructurada
284	22	7	2026-11-23	3000.00	1000.00	0.00	1000.00	0.00	0.00	0.00	0.00	0.00	Reestructurada
285	22	8	2026-12-23	2000.00	1000.00	0.00	1000.00	0.00	0.00	0.00	0.00	0.00	Reestructurada
286	22	9	2027-01-23	1000.00	1000.00	0.00	1000.00	0.00	0.00	0.00	0.00	0.00	Reestructurada
630	22	10	2026-12-01	5000.00	833.33	0.00	833.33	0.00	0.00	0.00	0.00	833.33	Pendiente
631	22	11	2026-12-31	4166.67	833.33	0.00	833.33	0.00	0.00	0.00	0.00	833.33	Pendiente
632	22	12	2027-01-31	3333.34	833.33	0.00	833.33	0.00	0.00	0.00	0.00	833.33	Pendiente
633	22	13	2027-03-03	2500.01	833.33	0.00	833.33	0.00	0.00	0.00	0.00	833.33	Pendiente
634	22	14	2027-03-31	1666.68	833.33	0.00	833.33	0.00	0.00	0.00	0.00	833.33	Pendiente
635	22	15	2027-05-01	833.35	833.35	0.00	833.35	0.00	0.00	0.00	0.00	833.35	Pendiente
357	29	1	2026-03-21	40000.00	2114.07	233.33	2347.40	0.00	0.00	0.00	3869.44	0.00	Reestructurada
358	29	2	2026-04-21	37885.93	2126.40	221.00	2347.40	0.00	0.00	0.00	3094.02	0.00	Reestructurada
359	29	3	2026-05-21	35759.53	2138.80	208.60	2347.40	0.00	0.00	0.00	2398.87	0.00	Reestructurada
360	29	4	2026-06-21	33620.73	2151.28	196.12	2347.40	0.00	0.00	0.00	1748.74	0.00	Reestructurada
361	29	5	2026-07-21	31469.45	2163.83	183.57	2347.40	0.00	0.00	0.00	1177.92	0.00	Reestructurada
362	29	6	2026-08-21	29305.62	2176.45	170.95	2347.40	0.00	0.00	0.00	655.31	0.00	Reestructurada
363	29	7	2026-09-21	27129.17	2189.15	158.25	2347.40	0.00	0.00	0.00	197.82	0.00	Reestructurada
364	29	8	2026-10-21	24940.02	2201.92	145.48	2347.40	0.00	0.00	0.00	0.00	0.00	Reestructurada
365	29	9	2026-11-21	22738.10	2214.76	132.64	2347.40	0.00	0.00	0.00	0.00	0.00	Reestructurada
366	29	10	2026-12-21	20523.34	2227.68	119.72	2347.40	0.00	0.00	0.00	0.00	0.00	Reestructurada
367	29	11	2027-01-21	18295.66	2240.68	106.72	2347.40	0.00	0.00	0.00	0.00	0.00	Reestructurada
368	29	12	2027-02-21	16054.98	2253.75	93.65	2347.40	0.00	0.00	0.00	0.00	0.00	Reestructurada
369	29	13	2027-03-21	13801.23	2266.89	80.51	2347.40	0.00	0.00	0.00	0.00	0.00	Reestructurada
370	29	14	2027-04-21	11534.34	2280.12	67.28	2347.40	0.00	0.00	0.00	0.00	0.00	Reestructurada
371	29	15	2027-05-21	9254.22	2293.42	53.98	2347.40	0.00	0.00	0.00	0.00	0.00	Reestructurada
372	29	16	2027-06-21	6960.80	2306.80	40.60	2347.40	0.00	0.00	0.00	0.00	0.00	Reestructurada
373	29	17	2027-07-21	4654.00	2320.25	27.15	2347.40	0.00	0.00	0.00	0.00	0.00	Reestructurada
374	29	18	2027-08-21	2333.75	2333.75	13.61	2347.36	0.00	0.00	0.00	0.00	0.00	Reestructurada
636	29	19	2026-12-15	41371.82	1043.91	224.10	1268.01	0.00	0.00	0.00	0.00	1268.01	Pendiente
637	29	20	2027-01-15	40327.91	1049.57	218.44	1268.01	0.00	0.00	0.00	0.00	1268.01	Pendiente
638	29	21	2027-02-15	39278.34	1055.25	212.76	1268.01	0.00	0.00	0.00	0.00	1268.01	Pendiente
639	29	22	2027-03-15	38223.09	1060.97	207.04	1268.01	0.00	0.00	0.00	0.00	1268.01	Pendiente
640	29	23	2027-04-15	37162.12	1066.72	201.29	1268.01	0.00	0.00	0.00	0.00	1268.01	Pendiente
641	29	24	2027-05-15	36095.40	1072.49	195.52	1268.01	0.00	0.00	0.00	0.00	1268.01	Pendiente
642	29	25	2027-06-15	35022.91	1078.30	189.71	1268.01	0.00	0.00	0.00	0.00	1268.01	Pendiente
643	29	26	2027-07-15	33944.61	1084.14	183.87	1268.01	0.00	0.00	0.00	0.00	1268.01	Pendiente
644	29	27	2027-08-15	32860.47	1090.02	177.99	1268.01	0.00	0.00	0.00	0.00	1268.01	Pendiente
645	29	28	2027-09-15	31770.45	1095.92	172.09	1268.01	0.00	0.00	0.00	0.00	1268.01	Pendiente
646	29	29	2027-10-15	30674.53	1101.86	166.15	1268.01	0.00	0.00	0.00	0.00	1268.01	Pendiente
647	29	30	2027-11-15	29572.67	1107.82	160.19	1268.01	0.00	0.00	0.00	0.00	1268.01	Pendiente
648	29	31	2027-12-15	28464.85	1113.83	154.18	1268.01	0.00	0.00	0.00	0.00	1268.01	Pendiente
649	29	32	2028-01-15	27351.02	1119.86	148.15	1268.01	0.00	0.00	0.00	0.00	1268.01	Pendiente
650	29	33	2028-02-15	26231.16	1125.92	142.09	1268.01	0.00	0.00	0.00	0.00	1268.01	Pendiente
651	29	34	2028-03-15	25105.24	1132.02	135.99	1268.01	0.00	0.00	0.00	0.00	1268.01	Pendiente
652	29	35	2028-04-15	23973.22	1138.16	129.85	1268.01	0.00	0.00	0.00	0.00	1268.01	Pendiente
653	29	36	2028-05-15	22835.06	1144.32	123.69	1268.01	0.00	0.00	0.00	0.00	1268.01	Pendiente
654	29	37	2028-06-15	21690.74	1150.52	117.49	1268.01	0.00	0.00	0.00	0.00	1268.01	Pendiente
655	29	38	2028-07-15	20540.22	1156.75	111.26	1268.01	0.00	0.00	0.00	0.00	1268.01	Pendiente
656	29	39	2028-08-15	19383.47	1163.02	104.99	1268.01	0.00	0.00	0.00	0.00	1268.01	Pendiente
657	29	40	2028-09-15	18220.45	1169.32	98.69	1268.01	0.00	0.00	0.00	0.00	1268.01	Pendiente
658	29	41	2028-10-15	17051.13	1175.65	92.36	1268.01	0.00	0.00	0.00	0.00	1268.01	Pendiente
659	29	42	2028-11-15	15875.48	1182.02	85.99	1268.01	0.00	0.00	0.00	0.00	1268.01	Pendiente
660	29	43	2028-12-15	14693.46	1188.42	79.59	1268.01	0.00	0.00	0.00	0.00	1268.01	Pendiente
661	29	44	2029-01-15	13505.04	1194.86	73.15	1268.01	0.00	0.00	0.00	0.00	1268.01	Pendiente
662	29	45	2029-02-15	12310.18	1201.33	66.68	1268.01	0.00	0.00	0.00	0.00	1268.01	Pendiente
663	29	46	2029-03-15	11108.85	1207.84	60.17	1268.01	0.00	0.00	0.00	0.00	1268.01	Pendiente
664	29	47	2029-04-15	9901.01	1214.38	53.63	1268.01	0.00	0.00	0.00	0.00	1268.01	Pendiente
665	29	48	2029-05-15	8686.63	1220.96	47.05	1268.01	0.00	0.00	0.00	0.00	1268.01	Pendiente
666	29	49	2029-06-15	7465.67	1227.57	40.44	1268.01	0.00	0.00	0.00	0.00	1268.01	Pendiente
667	29	50	2029-07-15	6238.10	1234.22	33.79	1268.01	0.00	0.00	0.00	0.00	1268.01	Pendiente
668	29	51	2029-08-15	5003.88	1240.91	27.10	1268.01	0.00	0.00	0.00	0.00	1268.01	Pendiente
669	29	52	2029-09-15	3762.97	1247.63	20.38	1268.01	0.00	0.00	0.00	0.00	1268.01	Pendiente
670	29	53	2029-10-15	2515.34	1254.39	13.62	1268.01	0.00	0.00	0.00	0.00	1268.01	Pendiente
671	29	54	2029-11-15	1260.95	1260.95	6.83	1267.78	0.00	0.00	0.00	0.00	1267.78	Pendiente
375	30	1	2026-06-21	25000.00	2036.02	104.17	2140.19	0.00	0.00	0.00	928.82	0.00	Reestructurada
376	30	2	2026-07-21	22963.98	2044.51	95.68	2140.19	0.00	0.00	0.00	613.97	0.00	Reestructurada
377	30	3	2026-08-21	20919.47	2053.03	87.16	2140.19	0.00	0.00	0.00	334.13	0.00	Reestructurada
378	30	4	2026-09-21	18866.44	2061.58	78.61	2140.19	0.00	0.00	0.00	98.26	0.00	Reestructurada
379	30	5	2026-10-21	16804.86	2070.17	70.02	2140.19	0.00	0.00	0.00	0.00	0.00	Reestructurada
380	30	6	2026-11-21	14734.69	2078.80	61.39	2140.19	0.00	0.00	0.00	0.00	0.00	Reestructurada
381	30	7	2026-12-21	12655.89	2087.46	52.73	2140.19	0.00	0.00	0.00	0.00	0.00	Reestructurada
382	30	8	2027-01-21	10568.43	2096.15	44.04	2140.19	0.00	0.00	0.00	0.00	0.00	Reestructurada
383	30	9	2027-02-21	8472.28	2104.89	35.30	2140.19	0.00	0.00	0.00	0.00	0.00	Reestructurada
384	30	10	2027-03-21	6367.39	2113.66	26.53	2140.19	0.00	0.00	0.00	0.00	0.00	Reestructurada
385	30	11	2027-04-21	4253.73	2122.47	17.72	2140.19	0.00	0.00	0.00	0.00	0.00	Reestructurada
386	30	12	2027-05-21	2131.26	2131.26	8.88	2140.14	0.00	0.00	0.00	0.00	0.00	Reestructurada
672	30	13	2026-12-01	25365.62	2065.80	105.69	2171.49	0.00	0.00	0.00	0.00	2171.49	Pendiente
673	30	14	2027-01-01	23299.82	2074.41	97.08	2171.49	0.00	0.00	0.00	0.00	2171.49	Pendiente
674	30	15	2027-02-01	21225.41	2083.05	88.44	2171.49	0.00	0.00	0.00	0.00	2171.49	Pendiente
675	30	16	2027-03-01	19142.36	2091.73	79.76	2171.49	0.00	0.00	0.00	0.00	2171.49	Pendiente
676	30	17	2027-04-01	17050.63	2100.45	71.04	2171.49	0.00	0.00	0.00	0.00	2171.49	Pendiente
677	30	18	2027-05-01	14950.18	2109.20	62.29	2171.49	0.00	0.00	0.00	0.00	2171.49	Pendiente
678	30	19	2027-06-01	12840.98	2117.99	53.50	2171.49	0.00	0.00	0.00	0.00	2171.49	Pendiente
679	30	20	2027-07-01	10722.99	2126.81	44.68	2171.49	0.00	0.00	0.00	0.00	2171.49	Pendiente
680	30	21	2027-08-01	8596.18	2135.67	35.82	2171.49	0.00	0.00	0.00	0.00	2171.49	Pendiente
681	30	22	2027-09-01	6460.51	2144.57	26.92	2171.49	0.00	0.00	0.00	0.00	2171.49	Pendiente
682	30	23	2027-10-01	4315.94	2153.51	17.98	2171.49	0.00	0.00	0.00	0.00	2171.49	Pendiente
683	30	24	2027-11-01	2162.43	2162.43	9.01	2171.44	0.00	0.00	0.00	0.00	2171.44	Pendiente
552	43	1	2026-02-15	28831.82	1168.18	175.00	1343.18	1168.18	175.00	0.00	0.00	0.00	Pagado
553	43	2	2026-03-15	27656.83	1174.99	168.19	1343.18	1174.99	168.19	0.00	0.00	0.00	Pagado
554	43	3	2026-04-15	26474.98	1181.85	161.33	1343.18	1181.85	161.33	0.00	0.00	0.00	Pagado
555	43	4	2026-05-15	26474.98	1188.74	154.44	1343.18	0.00	0.00	0.00	1853.25	0.00	Reestructurada
556	43	5	2026-06-15	25286.24	1195.68	147.50	1343.18	0.00	0.00	0.00	1388.99	0.00	Reestructurada
557	43	6	2026-07-15	24090.56	1202.65	140.53	1343.18	0.00	0.00	0.00	971.99	0.00	Reestructurada
558	43	7	2026-08-15	22887.91	1209.67	133.51	1343.18	0.00	0.00	0.00	578.56	0.00	Reestructurada
559	43	8	2026-09-15	21678.24	1216.72	126.46	1343.18	0.00	0.00	0.00	221.30	0.00	Reestructurada
560	43	9	2026-10-15	20461.52	1223.82	119.36	1343.18	0.00	0.00	0.00	0.00	0.00	Reestructurada
561	43	10	2026-11-15	19237.70	1230.96	112.22	1343.18	0.00	0.00	0.00	0.00	0.00	Reestructurada
562	43	11	2026-12-15	18006.74	1238.14	105.04	1343.18	0.00	0.00	0.00	0.00	0.00	Reestructurada
563	43	12	2027-01-15	16768.60	1245.36	97.82	1343.18	0.00	0.00	0.00	0.00	0.00	Reestructurada
564	43	13	2027-02-15	15523.24	1252.63	90.55	1343.18	0.00	0.00	0.00	0.00	0.00	Reestructurada
565	43	14	2027-03-15	14270.61	1259.93	83.25	1343.18	0.00	0.00	0.00	0.00	0.00	Reestructurada
566	43	15	2027-04-15	13010.68	1267.28	75.90	1343.18	0.00	0.00	0.00	0.00	0.00	Reestructurada
567	43	16	2027-05-15	11743.40	1274.68	68.50	1343.18	0.00	0.00	0.00	0.00	0.00	Reestructurada
568	43	17	2027-06-15	10468.72	1282.11	61.07	1343.18	0.00	0.00	0.00	0.00	0.00	Reestructurada
569	43	18	2027-07-15	9186.61	1289.59	53.59	1343.18	0.00	0.00	0.00	0.00	0.00	Reestructurada
570	43	19	2027-08-15	7897.02	1297.11	46.07	1343.18	0.00	0.00	0.00	0.00	0.00	Reestructurada
571	43	20	2027-09-15	6599.91	1304.68	38.50	1343.18	0.00	0.00	0.00	0.00	0.00	Reestructurada
572	43	21	2027-10-15	5295.23	1312.29	30.89	1343.18	0.00	0.00	0.00	0.00	0.00	Reestructurada
573	43	22	2027-11-15	3982.94	1319.95	23.23	1343.18	0.00	0.00	0.00	0.00	0.00	Reestructurada
574	43	23	2027-12-15	2662.99	1327.65	15.53	1343.18	0.00	0.00	0.00	0.00	0.00	Reestructurada
575	43	24	2028-01-15	1335.34	1335.34	7.79	1343.13	0.00	0.00	0.00	0.00	0.00	Reestructurada
576	43	25	2026-11-25	27177.42	2193.04	158.53	2351.57	0.00	0.00	0.00	0.00	2351.57	Pendiente
577	43	26	2026-12-25	24984.38	2205.83	145.74	2351.57	0.00	0.00	0.00	0.00	2351.57	Pendiente
578	43	27	2027-01-25	22778.55	2218.70	132.87	2351.57	0.00	0.00	0.00	0.00	2351.57	Pendiente
579	43	28	2027-02-25	20559.85	2231.64	119.93	2351.57	0.00	0.00	0.00	0.00	2351.57	Pendiente
580	43	29	2027-03-25	18328.21	2244.66	106.91	2351.57	0.00	0.00	0.00	0.00	2351.57	Pendiente
581	43	30	2027-04-25	16083.55	2257.75	93.82	2351.57	0.00	0.00	0.00	0.00	2351.57	Pendiente
582	43	31	2027-05-25	13825.80	2270.92	80.65	2351.57	0.00	0.00	0.00	0.00	2351.57	Pendiente
583	43	32	2027-06-25	11554.88	2284.17	67.40	2351.57	0.00	0.00	0.00	0.00	2351.57	Pendiente
584	43	33	2027-07-25	9270.71	2297.49	54.08	2351.57	0.00	0.00	0.00	0.00	2351.57	Pendiente
585	43	34	2027-08-25	6973.22	2310.89	40.68	2351.57	0.00	0.00	0.00	0.00	2351.57	Pendiente
586	43	35	2027-09-25	4662.33	2324.37	27.20	2351.57	0.00	0.00	0.00	0.00	2351.57	Pendiente
587	43	36	2027-10-25	2337.96	2337.96	13.64	2351.60	0.00	0.00	0.00	0.00	2351.60	Pendiente
